imageid,imageType,model,loss,classType,colorMode,clean,crop,resize,colorCorrect,baseTrain,activation,wloss,lr,learningDecay,earlyStop,epochsMax,epochs,voting," trainTime"," accuracy"
1,ALL,vgg16,bce,multiclass,RGB,False,False,True,False,False,relu,True,0.001,False,True,200,200,0,180.96860973799994,63
2,ALL,vgg16,cce,multiclass,RGB,False,False,True,False,False,relu,True,0.001,False,True,200,161,0,145.34132077400045,75
3,ALL,vgg16,focal,multiclass,RGB,False,False,True,False,False,relu,True,0.001,False,True,200,170,0,153.59436020900011,77
4,ALL,vgg16,kld,multiclass,RGB,False,False,True,False,False,relu,True,0.001,False,True,200,125,0,113.63848251400032,75
5,ALL,vgg19,bce,multiclass,RGB,False,False,True,False,False,relu,True,0.001,False,True,200,159,0,148.6569992679997,63
6,ALL,vgg19,cce,multiclass,RGB,False,False,True,False,False,relu,True,0.001,False,True,200,105,0,98.02972177299944,61
7,ALL,vgg19,focal,multiclass,RGB,False,False,True,False,False,relu,True,0.001,False,True,200,200,0,185.1892460879999,47
8,ALL,vgg19,kld,multiclass,RGB,False,False,True,False,False,relu,True,0.001,False,True,200,152,0,140.47810980299982,63
9,ALL,inception,bce,multiclass,RGB,False,False,True,False,False,relu,True,0.001,False,True,200,200,0,187.75022507700032,80
10,ALL,inception,cce,multiclass,RGB,False,False,True,False,False,relu,True,0.001,False,True,200,148,0,140.489335923,83
11,ALL,inception,focal,multiclass,RGB,False,False,True,False,False,relu,True,0.001,False,True,200,167,0,154.5843672259989,86
12,ALL,inception,kld,multiclass,RGB,False,False,True,False,False,relu,True,0.001,False,True,200,173,0,159.54114064900023,86
13,ALL,xception,bce,multiclass,RGB,False,False,True,False,False,relu,True,0.001,False,True,200,200,0,185.27607516699936,83
14,ALL,xception,cce,multiclass,RGB,False,False,True,False,False,relu,True,0.001,False,True,200,200,0,184.07978036799977,72
15,ALL,xception,focal,multiclass,RGB,False,False,True,False,False,relu,True,0.001,False,True,200,200,0,181.46108850699966,75
16,ALL,xception,kld,multiclass,RGB,False,False,True,False,False,relu,True,0.001,False,True,200,200,0,184.96503932700034,75
17,ALL,resnet50,bce,multiclass,RGB,False,False,True,False,False,relu,True,0.001,False,True,200,200,0,183.55940766499953,72
18,ALL,resnet50,cce,multiclass,RGB,False,False,True,False,False,relu,True,0.001,False,True,200,187,0,172.12361805,83
19,ALL,resnet50,focal,multiclass,RGB,False,False,True,False,False,relu,True,0.001,False,True,200,154,0,141.95943285700014,80
20,ALL,resnet50,kld,multiclass,RGB,False,False,True,False,False,relu,True,0.001,False,True,200,200,0,181.80809322300047,75
21,ALL,resnet101,bce,multiclass,RGB,False,False,True,False,False,relu,True,0.001,False,True,200,135,0,142.22479699799987,77
22,ALL,resnet101,cce,multiclass,RGB,False,False,True,False,False,relu,True,0.001,False,True,200,170,0,167.22487207599988,77
23,ALL,resnet101,focal,multiclass,RGB,False,False,True,False,False,relu,True,0.001,False,True,200,171,0,172.06181543800085,77
24,ALL,resnet101,kld,multiclass,RGB,False,False,True,False,False,relu,True,0.001,False,True,200,200,0,195.8059051199998,63
25,ALL,densenet,bce,multiclass,RGB,False,False,True,False,False,relu,True,0.001,False,True,200,200,0,192.60297164800068,77
26,ALL,densenet,cce,multiclass,RGB,False,False,True,False,False,relu,True,0.001,False,True,200,200,0,190.37576623099994,77
27,ALL,densenet,focal,multiclass,RGB,False,False,True,False,False,relu,True,0.001,False,True,200,200,0,187.2336958470005,80
28,ALL,densenet,kld,multiclass,RGB,False,False,True,False,False,relu,True,0.001,False,True,200,200,0,189.1031261900007,80
29,ALL,inceptionResnet,bce,multiclass,RGB,False,False,True,False,False,relu,True,0.001,False,True,200,200,0,214.99090565900042,72
30,ALL,inceptionResnet,cce,multiclass,RGB,False,False,True,False,False,relu,True,0.001,False,True,200,200,0,208.64645872999972,63
31,ALL,inceptionResnet,focal,multiclass,RGB,False,False,True,False,False,relu,True,0.001,False,True,200,200,0,209.86427852500128,52
32,ALL,inceptionResnet,kld,multiclass,RGB,False,False,True,False,False,relu,True,0.001,False,True,200,200,0,211.05882235600075,66
33,NR,inception,focal,multiclass,RGB,False,False,True,False,False,relu,True,0.001,False,True,200,185,0,97.82409009099865,83
34,NR,resnet50,focal,multiclass,RGB,False,False,True,False,False,relu,True,0.001,False,True,200,106,0,56.5381375729994,66
35,NR,densenet,focal,multiclass,RGB,False,False,True,False,False,relu,True,0.001,False,True,200,146,0,81.96443981300035,72
36,NR,xception,focal,multiclass,RGB,False,False,True,False,False,relu,True,0.001,False,True,200,182,0,91.89460937199874,72
37,R,inception,focal,multiclass,RGB,False,False,True,False,False,relu,True,0.001,False,True,200,98,0,53.775735324999914,77
38,R,resnet50,focal,multiclass,RGB,False,False,True,False,False,relu,True,0.001,False,True,200,200,0,97.82124437499988,38
39,R,densenet,focal,multiclass,RGB,False,False,True,False,False,relu,True,0.001,False,True,200,135,0,73.66384677300084,77
40,R,xception,focal,multiclass,RGB,False,False,True,False,False,relu,True,0.001,False,True,200,140,0,74.16218359300001,72
41,NR,inception,focal,multiclass,RGB,True,False,True,False,False,relu,True,0.001,False,True,200,166,0,88.84775172400077,77
42,NR,densenet,focal,multiclass,RGB,True,False,True,False,False,relu,True,0.001,False,True,200,108,0,64.8486291750014,77
43,NR,xception,focal,multiclass,RGB,True,False,True,False,False,relu,True,0.001,False,True,200,155,0,79.29971765500159,83
44,R,inception,focal,multiclass,RGB,True,False,True,False,False,relu,True,0.001,False,True,200,119,0,64.79589813199891,72
45,R,densenet,focal,multiclass,RGB,True,False,True,False,False,relu,True,0.001,False,True,200,200,0,104.8712891920004,55
46,R,xception,focal,multiclass,RGB,True,False,True,False,False,relu,True,0.001,False,True,200,143,0,74.21864444600033,83
47,NR,inception,focal,multiclass,RGB,True,True,True,False,False,relu,True,0.001,False,True,200,102,0,59.47564836700076,77
48,NR,densenet,focal,multiclass,RGB,True,True,True,False,False,relu,True,0.001,False,True,200,153,0,83.99496338400058,66
49,NR,xception,focal,multiclass,RGB,True,True,True,False,False,relu,True,0.001,False,True,200,200,0,99.70521333499892,88
50,R,inception,focal,multiclass,RGB,True,True,True,False,False,relu,True,0.001,False,True,200,176,0,92.63287803700041,83
51,R,densenet,focal,multiclass,RGB,True,True,True,False,False,relu,True,0.001,False,True,200,156,0,82.92143791800117,77
52,R,xception,focal,multiclass,RGB,True,True,True,False,False,relu,True,0.001,False,True,200,111,0,58.278405525999915,83
53,R,inception,focal,multiclass,RGB,True,True,True,False,False,leakyrelu,True,0.001,False,True,200,160,0,84.54302378699867,83
54,R,densenet,focal,multiclass,RGB,True,True,True,False,False,leakyrelu,True,0.001,False,True,200,155,0,86.8338217490018,77
55,R,xception,focal,multiclass,RGB,True,True,True,False,False,leakyrelu,True,0.001,False,True,200,110,0,59.03355884700068,83
56,R,inception,focal,multiclass,RGB,True,True,True,False,False,siren,True,0.001,False,True,200,168,0,89.0880293989976,83
57,R,densenet,focal,multiclass,RGB,True,True,True,False,False,siren,True,0.001,False,True,200,173,0,91.96505110100043,77
58,R,xception,focal,multiclass,RGB,True,True,True,False,False,siren,True,0.001,False,True,200,130,0,69.25641869300307,88
59,R,xception,focal,multiclass,RGB,True,True,True,False,False,siren,True,0.001,False,True,200,151,10,77.82660263100001,77
60,CV-R,xception,focal,multiclass,RGB,True,True,True,False,False,siren,True,0.001,False,True,200,151,10,77.76588463600012,77
61,CV-R,xception,focal,multiclass,RGB,True,True,True,False,False,siren,True,0.001,False,True,200,97,10,49.21881698700008,47
62,CV-R,xception,focal,multiclass,RGB,True,True,True,False,False,siren,True,0.001,False,True,200,105,10,52.05733541900008,57
63,CV-R,xception,focal,multiclass,RGB,True,True,True,False,False,siren,True,0.001,False,True,200,111,10,56.488030464000076,61
64,CV-R,xception,focal,multiclass,RGB,True,True,True,False,False,siren,True,0.001,False,True,200,150,10,76.90321909999989,55
65,CV-R,xception,focal,multiclass,RGB,True,True,True,False,False,siren,True,0.001,False,True,200,151,0,78.77221997800007,77
66,CV-R,xception,focal,multiclass,RGB,True,True,True,False,False,siren,True,0.001,False,True,200,107,0,53.716770017999806,58
67,CV-R,xception,focal,multiclass,RGB,True,True,True,False,False,siren,True,0.001,False,True,200,111,0,53.316238634,57
68,CV-R,xception,focal,multiclass,RGB,True,True,True,False,False,siren,True,0.001,False,True,200,200,0,99.10771446099989,55
69,CV-R,xception,focal,multiclass,RGB,True,True,True,False,False,siren,True,0.001,False,True,200,106,0,54.49873969100008,55
70,CV-R,xception,focal,multiclass,RGB,True,True,True,False,False,siren,True,0.001,False,True,200,151,30,78.91452257000037,72
71,CV-R,xception,focal,multiclass,RGB,True,True,True,False,False,siren,True,0.001,False,True,200,112,30,56.83599690400024,58
72,CV-R,xception,focal,multiclass,RGB,True,True,True,False,False,siren,True,0.001,False,True,200,98,30,48.07613475299968,68
73,CV-R,xception,focal,multiclass,RGB,True,True,True,False,False,siren,True,0.001,False,True,200,200,30,99.5952664639999,61
74,CV-R,xception,focal,multiclass,RGB,True,True,True,False,False,siren,True,0.001,False,True,200,167,30,84.3613869289984,50
75,CV-R,inception,focal,multiclass,RGB,True,True,True,False,False,relu,True,0.001,False,True,200,110,30,61.532477227001436,66
76,CV-R,inception,focal,multiclass,RGB,True,True,True,False,False,relu,True,0.001,False,True,200,149,30,75.30031194100047,64
77,CV-R,inception,focal,multiclass,RGB,True,True,True,False,False,relu,True,0.001,False,True,200,125,30,60.04691187999924,52
78,CV-R,inception,focal,multiclass,RGB,True,True,True,False,False,relu,True,0.001,False,True,200,100,30,56.017920801999935,61
79,CV-R,inception,focal,multiclass,RGB,True,True,True,False,False,relu,True,0.001,False,True,200,163,30,84.42483272199934,55
80,ALL,vgg16,bce,multiclass,RGB,False,False,True,False,False,relu,False,0.001,False,True,200,200,0,184.405072638001,77
81,ALL,vgg16,cce,multiclass,RGB,False,False,True,False,False,relu,False,0.001,False,True,200,200,0,182.72023484000238,77
82,ALL,vgg16,focal,multiclass,RGB,False,False,True,False,False,relu,False,0.001,False,True,200,136,0,124.84517349299858,69
83,ALL,vgg16,kld,multiclass,RGB,False,False,True,False,False,relu,False,0.001,False,True,200,200,0,183.18366981500003,77
84,ALL,vgg19,bce,multiclass,RGB,False,False,True,False,False,relu,False,0.001,False,True,200,148,0,140.41435457199987,69
85,ALL,vgg19,cce,multiclass,RGB,False,False,True,False,False,relu,False,0.001,False,True,200,200,0,188.11630677100038,63
86,ALL,vgg19,focal,multiclass,RGB,False,False,True,False,False,relu,False,0.001,False,True,200,200,0,187.49024823299987,75
87,ALL,vgg19,kld,multiclass,RGB,False,False,True,False,False,relu,False,0.001,False,True,200,121,0,115.45268037400092,66
88,ALL,inception,bce,multiclass,RGB,False,False,True,False,False,relu,False,0.001,False,True,200,200,0,192.3866895789979,77
89,ALL,inception,cce,multiclass,RGB,False,False,True,False,False,relu,False,0.001,False,True,200,198,0,186.68328382400068,83
90,ALL,inception,focal,multiclass,RGB,False,False,True,False,False,relu,False,0.001,False,True,200,140,0,133.50701388499874,83
91,ALL,inception,kld,multiclass,RGB,False,False,True,False,False,relu,False,0.001,False,True,200,115,0,112.62673224200262,83
92,ALL,xception,bce,multiclass,RGB,False,False,True,False,False,relu,False,0.001,False,True,200,187,0,176.456959076997,86
93,ALL,xception,cce,multiclass,RGB,False,False,True,False,False,relu,False,0.001,False,True,200,200,0,184.42619751000166,86
94,ALL,xception,focal,multiclass,RGB,False,False,True,False,False,relu,False,0.001,False,True,200,200,0,186.33179885600111,83
95,ALL,xception,kld,multiclass,RGB,False,False,True,False,False,relu,False,0.001,False,True,200,200,0,186.8782971249966,83
96,ALL,resnet50,bce,multiclass,RGB,False,False,True,False,False,relu,False,0.001,False,True,200,200,0,186.97932268000295,80
97,ALL,resnet50,cce,multiclass,RGB,False,False,True,False,False,relu,False,0.001,False,True,200,200,0,187.04786958800105,75
98,ALL,resnet50,focal,multiclass,RGB,False,False,True,False,False,relu,False,0.001,False,True,200,200,0,183.77785312200285,72
99,ALL,resnet50,kld,multiclass,RGB,False,False,True,False,False,relu,False,0.001,False,True,200,196,0,183.11835142500058,88
100,ALL,resnet101,bce,multiclass,RGB,False,False,True,False,False,relu,False,0.001,False,True,200,158,0,166.3367524310015,77
101,ALL,resnet101,cce,multiclass,RGB,False,False,True,False,False,relu,False,0.001,False,True,200,200,0,201.39592110399826,72
102,ALL,resnet101,focal,multiclass,RGB,False,False,True,False,False,relu,False,0.001,False,True,200,200,0,199.63138846899528,69
103,ALL,resnet101,kld,multiclass,RGB,False,False,True,False,False,relu,False,0.001,False,True,200,150,0,151.83853975000238,77
104,ALL,densenet,bce,multiclass,RGB,False,False,True,False,False,relu,False,0.001,False,True,200,200,0,195.84403801099688,80
105,ALL,densenet,cce,multiclass,RGB,False,False,True,False,False,relu,False,0.001,False,True,200,200,0,191.9391697720057,80
106,ALL,densenet,focal,multiclass,RGB,False,False,True,False,False,relu,False,0.001,False,True,200,142,0,139.6973344040016,77
107,ALL,densenet,kld,multiclass,RGB,False,False,True,False,False,relu,False,0.001,False,True,200,185,0,178.83860569300305,83
108,ALL,inceptionResnet,bce,multiclass,RGB,False,False,True,False,False,relu,False,0.001,False,True,200,200,0,215.70408316300018,63
109,ALL,inceptionResnet,cce,multiclass,RGB,False,False,True,False,False,relu,False,0.001,False,True,200,200,0,212.60770848800166,63
110,ALL,inceptionResnet,focal,multiclass,RGB,False,False,True,False,False,relu,False,0.001,False,True,200,169,0,181.43245900500187,69
111,ALL,inceptionResnet,kld,multiclass,RGB,False,False,True,False,False,relu,False,0.001,False,True,200,200,0,218.79786894100107,72
112,ALL,vgg16,focal,multiclass,LAB,False,False,True,False,False,relu,False,0.001,False,True,200,96,0,88.10101845899771,50
113,ALL,vgg19,focal,multiclass,LAB,False,False,True,False,False,relu,False,0.001,False,True,200,97,0,90.08703517300455,50
114,ALL,inception,focal,multiclass,LAB,False,False,True,False,False,relu,False,0.001,False,True,200,96,0,90.07272383999953,52
115,ALL,xception,focal,multiclass,LAB,False,False,True,False,False,relu,False,0.001,False,True,200,200,0,181.3402765110004,52
116,ALL,resnet50,focal,multiclass,LAB,False,False,True,False,False,relu,False,0.001,False,True,200,127,0,117.39231706500141,55
117,ALL,resnet101,focal,multiclass,LAB,False,False,True,False,False,relu,False,0.001,False,True,200,98,0,98.03397487499751,52
118,ALL,densenet,focal,multiclass,LAB,False,False,True,False,False,relu,False,0.001,False,True,200,98,0,92.62781224399805,50
119,ALL,inceptionResnet,focal,multiclass,LAB,False,False,True,False,False,relu,False,0.001,False,True,200,101,0,110.2609225060005,55
120,CV-R,inception,focal,multiclass,RGB,True,True,True,False,False,siren,True,0.001,False,True,200,141,0,75.5192167040077,72
121,CV-R,inception,focal,multiclass,RGB,True,True,True,False,False,siren,True,0.001,False,True,200,169,0,83.18594168900745,82
122,CV-R,inception,focal,multiclass,RGB,True,True,True,False,False,siren,True,0.001,False,True,200,161,0,77.50843421999889,73
123,CV-R,inception,focal,multiclass,RGB,True,True,True,False,False,siren,True,0.001,False,True,200,104,0,55.64400454999122,72
124,CV-R,inception,focal,multiclass,RGB,True,True,True,False,False,siren,True,0.001,False,True,200,111,0,59.782556214995566,61
125,CV-R,inception,focal,multiclass,RGB,True,True,True,False,False,siren,True,0.001,False,True,200,134,10,72.62850079599593,66
126,CV-R,inception,focal,multiclass,RGB,True,True,True,False,False,siren,True,0.001,False,True,200,186,10,90.61668144998839,58
127,CV-R,inception,focal,multiclass,RGB,True,True,True,False,False,siren,True,0.001,False,True,200,164,10,79.54769609399955,68
128,CV-R,inception,focal,multiclass,RGB,True,True,True,False,False,siren,True,0.001,False,True,200,104,10,55.593305030997726,61
129,CV-R,inception,focal,multiclass,RGB,True,True,True,False,False,siren,True,0.001,False,True,200,96,10,52.087069173998316,50
130,CV-R,inception,focal,multiclass,RGB,True,True,True,False,False,siren,True,0.001,False,True,200,192,10,100.25386103900382,50
131,CV-R,inception,focal,multiclass,RGB,True,True,True,False,False,siren,True,0.001,False,True,200,117,10,58.980475880001904,47
132,CV-R,inception,focal,multiclass,RGB,True,True,True,False,False,siren,True,0.001,False,True,200,200,10,95.85513475199696,31
133,CV-R,inception,focal,multiclass,RGB,True,True,True,False,False,siren,True,0.001,False,True,200,103,10,56.82053611399897,55
134,CV-R,inception,focal,multiclass,RGB,True,True,True,False,False,siren,True,0.001,False,True,200,171,10,87.93863470100041,55
135,CV-R,inception,focal,multiclass,RGB,True,True,True,False,False,siren,True,0.001,False,True,200,157,50,83.50296454699128,61
136,CV-R,inception,focal,multiclass,RGB,True,True,True,False,False,siren,True,0.001,False,True,200,122,50,61.770055352011696,58
137,CV-R,inception,focal,multiclass,RGB,True,True,True,False,False,siren,True,0.001,False,True,200,111,50,54.9103572479944,36
138,CV-R,inception,focal,multiclass,RGB,True,True,True,False,False,siren,True,0.001,False,True,200,98,50,55.34372921900649,66
139,CV-R,inception,focal,multiclass,RGB,True,True,True,False,False,siren,True,0.001,False,True,200,131,50,67.83860858899425,27
140,CV-R,xception,focal,multiclass,RGB,True,True,True,False,False,siren,True,0.001,False,True,200,151,50,78.4030727759964,72
141,CV-R,xception,focal,multiclass,RGB,True,True,True,False,False,siren,True,0.001,False,True,200,99,50,49.293829885995365,58
142,CV-R,xception,focal,multiclass,RGB,True,True,True,False,False,siren,True,0.001,False,True,200,186,50,88.31998934400326,57
143,CV-R,xception,focal,multiclass,RGB,True,True,True,False,False,siren,True,0.001,False,True,200,165,50,83.4577988730016,55
144,CV-R,xception,focal,multiclass,RGB,True,True,True,False,False,siren,True,0.001,False,True,200,100,50,51.54403432599793,38
145,CV-R,inception,focal,multiclass,RGB,True,True,True,False,False,siren,True,0.001,False,True,200,122,30,67.92885108599148,55
146,CV-R,inception,focal,multiclass,RGB,True,True,True,False,False,siren,True,0.001,False,True,200,106,30,54.87186135300726,58
147,CV-R,inception,focal,multiclass,RGB,True,True,True,False,False,siren,True,0.001,False,True,200,188,30,91.10969541700615,63
148,CV-R,inception,focal,multiclass,RGB,True,True,True,False,False,siren,True,0.001,False,True,200,101,30,53.66103867899801,55
149,CV-R,inception,focal,multiclass,RGB,True,True,True,False,False,siren,True,0.001,False,True,200,193,30,97.90658282799996,50
